,PopRatio,KC,LC,aKC,Prol_KC,Diff_KC,preDiff_KC,pDC,iDC,M1,M2,Neutrophil,Th0,Th1,Th2,Th17,Th22,Treg,Fibroblast,Division,Death,ILC3
0,1,0.700425197861588,0.428042981435401,0.517708085748172,0,0.001034095687996,0,0,0,0,0,0,0,0,0,0,0,0.128292136237163,0,0,0,0
1,1,0.696829272730812,0.583963937646911,0.769849033901384,0,0.001944386126716,0,0.0003618566764,0.000366046825463,0,0,0,0,0,0,0,0,0.116074870442057,0,0,0,0
2,1,0.695274836979065,0.659071436210517,0.895939350273497,0,0.003790601253635,0,0.002783834256815,0.002793088259494,0,0,0,0,0,0,0,0,0.115309975269268,0,0,0,0
3,1,0.687396582885632,0.6954505668833,0.952166330213196,0,0.004091046990873,0,0.008008178660814,0.008053141980239,0.000170371100296,0,0.000264396671863,0,0,0,0,0,0.129295712496114,0,0,0,0
4,1,0.684861836127078,0.713245081701432,0.977587377890428,0,0.005154729666151,0,0.019669140661701,0.019708624257913,0.000696855451447,0,0.000780808268738,0,0,0,0,0,0.144377275878385,0,0,0,0
5,1,0.674849700121297,0.713544155468842,0.989767905885377,0,0.005811986376623,0,0.035702146077869,0.035663803199078,0.00169550565929,0,0.001882083045813,0,0,0,0,0,0.159582963669823,0,0,0,0
6,1,0.669867040746599,0.718654688889311,0.994879220293591,0,0.007727213396618,0,0.061392914471499,0.061448659478291,0.002851899581974,0,0.003363098987678,0,0,0,0,0,0.178031002834013,0,0,0,0
7,1,0.672897066010211,0.725777793410601,0.998031932211155,0,0.007917945177522,0,0.088937864537351,0.088915247501073,0.004976070405146,0,0.005989349419937,0,0,0,0,0,0.193152751928016,0,0,0,0
8,0.999999999999998,0.669118126385691,0.724033550504906,0.999274398245432,0,0.00858854761006,0,0.121516163060906,0.12151326479878,0.008392340710232,0,0.008757824327213,0,0,0,0,0,0.206897085981515,0,0,0,0
9,0.999999999999997,0.663190950701336,0.720114337549244,0.99949957695871,0,0.010137278923936,0,0.160911019617168,0.160851659471022,0.012573059964945,0,0.015347353293104,0,0,0,0,0,0.223131854436387,0,0,0,0
10,0.999999999999996,0.661218129477828,0.718620961129074,0.999816475185207,0,0.0113436419138,0,0.201480761956803,0.20151629799727,0.016683854652974,0,0.01979958736763,6.66666666666667E-05,0,0,0,0,0.23728441175058,0,0,0,0
11,0.999999999999993,0.650251042890265,0.710312980560235,0.999859309136949,0,0.012521287795381,0,0.238134643609949,0.238195506861535,0.022520851253906,0,0.024802117352911,6.66666666666667E-05,0,0,0,0,0.250533880976639,0,0,0,0
12,0.999999999999992,0.644705891394118,0.709510279294056,0.999999999999999,0,0.013750883829444,0,0.282412729408637,0.282463908753111,0.029144806215763,0,0.033143154046797,0.000237639805016,0,0,0,0,0.265436198763659,0,0,0,0
13,0.999999999999991,0.63658476692464,0.707976962229965,0.999999999999998,0,0.016018636341837,0,0.321830622618724,0.321837077659749,0.038420000303625,0,0.041971910659092,0.0002,0,0,0,0,0.27844195663895,0,0,0,0
14,0.999999999999989,0.630401660073402,0.707135887598154,0.999999999999998,0,0.016916273283901,0,0.367558094775919,0.367690898649386,0.045629307848356,0,0.049961673916643,0.000415234487667,0,0,0,0,0.291239389816467,0,0,0,0
15,0.999999999999987,0.623334074591589,0.705639023219096,0.999999999999997,0,0.017848836426122,0,0.407961266747265,0.408419917757562,0.055296968869527,0,0.061161987705633,0.0004,0,0,0,0,0.301580987924198,0,0,0,0
16,0.999999999999984,0.616414419128974,0.704801833679051,0.999999999999995,0,0.019076691192039,0,0.447813732091933,0.448251737606874,0.066539839096589,0,0.074069755465596,0.00084297360721,0,0,0,0,0.312114575104335,0,0,0,0
17,0.999999999999978,0.60866086450729,0.703671889695337,0.999999999999994,0,0.017210366908874,0,0.498136871027086,0.49902433688053,0.080988854301952,0,0.083809092257411,0.000893251712096,0,0,0,0,0.324775237436343,0,0,0,0
18,0.999999999999973,0.604135009261673,0.707324356755061,0.999999999999995,0,0.018711765594617,0,0.528430051675097,0.529768313342347,0.099259886830824,0,0.097605905162711,0.001786912659403,0,0,0,0,0.34265326368147,0,0,0,0
19,0.999999999999968,0.599328516684829,0.706673633598997,0.999999999999991,3.34139461023856E-05,0.018937173241599,0,0.563759725445205,0.565303451630171,0.117602500547476,0,0.108953163903956,0.002547745218623,0,0,0,0,0.351535233816889,0,0,0,0
20,0.999999999999959,0.588121197038153,0.696408281077565,0.999999999999985,0,0.017995173781674,0,0.592580990619639,0.595062072808616,0.129767632170075,0,0.123722736844149,0.00342556743364,0,0,0,0,0.360589200107178,0,0,0,0
21,0.999999999999945,0.588104308277578,0.698135870538424,0.99999999999999,6.66666666666667E-05,0.017288063741238,0,0.621421298253321,0.625305955800564,0.14357516061698,0,0.14210014244315,0.0054314966951,0,0,0,0,0.374588861995267,0,0,0,0
22,0.999999999999935,0.582824019836519,0.691776335938122,0.999999999999985,0,0.017800837384824,0,0.663132752837818,0.667473819454328,0.163998055149882,0,0.162261839036173,0.006923858024287,0,0,0,0,0.374754695598758,0,0,0,0
23,0.99999999999992,0.586402520848869,0.693700129504759,0.999999999999985,6.66666666666667E-05,0.019170413945264,0,0.689254788990744,0.694169143799428,0.175807789583854,0,0.181248529950658,0.009163822565857,0,0,0,0,0.385157927217768,0,0,0,0
24,0.999999999999905,0.582667168590639,0.688808186161642,0.999999999999984,0.0002,0.019937403616103,0,0.720806728610271,0.726822736441751,0.191130435169039,0,0.199180614596282,0.011624785426246,0,0,0,0,0.391541982226784,0,0,0,0
25,0.999999999999888,0.575273055978327,0.68437274417254,0.999999999999976,0.0004,0.02155023194167,0,0.751462111270743,0.75889914827801,0.2069746171172,0,0.215521980038746,0.015103747889709,0,0,0,0,0.406572806648198,0,0,0,0
26,0.999999999999864,0.579558299072387,0.690289378803084,0.99999999999998,0.000466666666667,0.020883787585868,0,0.775174735309972,0.783625380903207,0.223834085679573,0,0.233753242679155,0.021819363421814,0,0,0,0,0.416254444129816,0,0,0,0
27,0.999999999999844,0.578396328816098,0.686359887621572,0.999999999999979,0.000361930227915,0.020689695501184,0,0.790787603007205,0.800982646976856,0.242065523163691,0,0.254925601014409,0.02720312916439,0,0,0,0,0.423883758381411,0,0,0,0
28,0.999999999999823,0.582462606209625,0.692161734892035,0.999999999999976,0.000449687793452,0.020425987356108,0,0.810745327397694,0.822542103369184,0.260880707458508,0,0.274190602458722,0.032732273774518,0,0,0,0,0.431740293609066,0,0,0,0
29,0.9999999999998,0.579755634130953,0.693416179330331,0.999999999999973,0.000998829885843,0.021568329760246,0,0.82797349376113,0.84007419124039,0.27758871563205,0,0.28869247021218,0.038805302046678,0,0,0,0,0.438241850474774,0,0,0,0
30,0.999999999999773,0.572707013284014,0.693404213765546,0.999999999999977,0.001160591790832,0.022499634891248,0,0.845122664946871,0.857753317829132,0.300657737482518,0,0.30361948260536,0.046970130477819,0,0,0,6.12417691435729E-05,0.443070732446339,0,0,0,0.000179577571731
31,0.99999999999975,0.562053444642771,0.68674821224821,0.999999999999976,0.002631271741711,0.022843455522827,0,0.857710931198053,0.870781873559676,0.320918426754557,0,0.318975409605505,0.054679348780048,0,0,4.37781275338245E-05,0,0.441241566522085,0,0,0,0.000241282970424
32,0.999999999999726,0.558981721791274,0.686501565770516,0.999999999999976,0.003130966408215,0.023991330602075,0,0.871436751449217,0.883462984092743,0.34371936534378,0,0.340930835376267,0.063325820530436,0,0,0,0,0.44389220480743,0,0,5.23462790688418E-05,0.000788148729187
33,0.999947653720633,0.557692338715428,0.688225666238551,0.999999999999973,0.00400874289381,0.028777402519586,0,0.885805944058712,0.899426800211324,0.360956875999691,0,0.361343294208589,0.069634011928111,0,0,0,0,0.449166824262238,0,0,6.66666666666667E-05,0.001768485962385
34,0.999880990543691,0.557654102078448,0.689806714830634,0.999999999999969,0.004602212855724,0.030292638098128,0,0.896920069357678,0.909443548271075,0.373401770291052,0,0.382890670559903,0.080133465714173,0,0,6.66666666666667E-05,0,0.454708666990146,0,0,0,0.002744488437051
35,0.999880990543661,0.549546856049815,0.687013085768281,0.999999999999972,0.004156290647071,0.030400036514672,0,0.906030993417813,0.919604296874322,0.383289184424236,0,0.395380024689716,0.089124890174209,0,0,9.78447884828936E-05,0,0.462986121652677,0,0,0,0.003420669162306
36,0.999880990543632,0.554551423677042,0.694490536667874,0.999999999999972,0.005219848178535,0.032350405709423,0,0.914864062507444,0.929106751371867,0.399019146907384,0,0.413340694347268,0.099137836579685,0,0,0.0002,0,0.472258603407659,0,0,0,0.005547702580531
37,0.999880990543604,0.542532328364342,0.690044667019147,0.999999999999968,0.006676495251579,0.034758311456562,0,0.922858259110871,0.93759918795711,0.411479102673592,0,0.431511656915944,0.109691941666026,7.27526701814873E-05,0,0.0002,7.28617572867054E-06,0.474450304827423,0,0,0,0.007500522787671
38,0.999880990543572,0.5301117116516,0.680856254251289,0.999999999999968,0.006930240979736,0.033050694989476,0,0.929078145693094,0.942979146195059,0.425357129492018,0,0.448347375397936,0.118198860091113,0.000176025226497,0,0.000213646897556,0.000133333333333,0.473518228277053,0,0,0,0.011110410746359
39,0.99988099054354,0.520203241597669,0.679076339326327,0.999999999999968,0.009397961749004,0.032835167418257,0,0.936251394539523,0.949434125488294,0.437580859497055,0,0.46137398824794,0.12954881829952,0.000133333333333,0,0.000328288345531,0.000133333333333,0.479380297464604,0,0,4.63633147892097E-05,0.015239340326623
40,0.999834632746391,0.5122078953202,0.672886662243175,0.99999999999997,0.010783843688743,0.031516936588525,9.11407834988428E-05,0.940135163214418,0.95472658869854,0.454235465474616,0,0.478727923968037,0.142557629537646,0.000226670412363,0,0.000570225474123,0.000126734701667,0.479256961540484,6.66666666666667E-05,0,0,0.019369541303336
41,0.999834632746361,0.511656448961775,0.671971645729038,0.999999999999969,0.013043435208808,0.032258963257822,0.000212246809442,0.943670558963733,0.95836430463532,0.464571968183539,0,0.497788717709395,0.157118249109584,0.000266666666667,0,0.000573288446734,0.0002,0.48526439672685,0,4.13673378818774E-05,0,0.024066298393792
42,0.999875993243408,0.508748396702899,0.67399599968075,0.999999999999969,0.015591598521051,0.032455772825049,0.000133333333333,0.949321557051192,0.962681028143664,0.478645477931856,0,0.512023530210806,0.16787327101047,0.000543005832631,0,0.00071932857068,0.000619930174997,0.490926914622786,0,0,0,0.02579496501222
43,0.999875993243378,0.503297220511325,0.671616661840688,0.999999999999969,0.017749129122808,0.031524111276403,0.000289166636639,0.955081534608809,0.968067512346891,0.492221677994854,0,0.526104304881544,0.180890758476637,0.000550230013537,0,0.000837454931385,0.000842075853182,0.495177180898134,6.66666666666667E-05,0,9.17515766927024E-05,0.03103308555276
44,0.99978425304447,0.501161537026529,0.667394438846305,0.999999999999972,0.021145866157216,0.031731284689861,0.000333333333333,0.961606359618581,0.974253373558677,0.504987061870192,0,0.54191939401448,0.195655441051381,0.000642996879215,0,0.000749512207974,0.000822125733213,0.502496213128077,6.66666666666667E-05,0,1.96467996817664E-05,0.03937355889644
45,0.999764610483497,0.499010839224486,0.666417758053295,0.999999999999969,0.023657621248126,0.032799189311292,0.000266666666667,0.966150107300217,0.977520134903557,0.516631578972931,0,0.550403325117332,0.208144550727663,0.00095332561701,0,0.001264782004576,0.001151201839443,0.507423847582638,0.00024313539442,5.69991857705246E-05,0.00013460914738,0.050194635707924
46,0.999687018790427,0.498472590866314,0.671828044108506,0.999999999999971,0.025027453022769,0.035627603753527,0.000266666666667,0.970308533403306,0.980598483308214,0.526655247348518,0,0.564433287109738,0.225705755506453,0.000640667237753,0,0.002068466344404,0.001724000426856,0.513110535082167,0.000266666666667,0.000133333333333,0.000133333333333,0.062141411516012
47,0.999687018790399,0.492147097617989,0.665499257539436,0.999999999999969,0.028975736456261,0.038288985696691,0.000133333333333,0.974298951599786,0.983410053502148,0.531076252925817,0,0.573119959874089,0.242152418526605,0.000676400671835,0,0.003158605716412,0.002290052960792,0.515273859849875,0.000266666666667,0,0,0.076509301140297
48,0.999687018790367,0.492713687082632,0.665692529047206,0.999999999999971,0.031612712560736,0.039041447549482,0.0002,0.975813887169283,0.985622709295643,0.548985330404399,1.73912317101946E-05,0.592469881763154,0.260358591374727,0.000632902344114,0,0.003223515730126,0.003226245263921,0.518239497331098,0.000572291142203,0.000133333333333,0.00012376234464,0.087645943866295
49,0.999696586783492,0.489988131039666,0.670125195819552,0.999999999999969,0.036052945697882,0.039720702932025,0.0004791232973,0.977125477387467,0.986847898723491,0.5635461474499,5.36541340851425E-05,0.608659740288171,0.275021201700402,0.00096293330075,0,0.003758764908562,0.003963287789529,0.523818549077923,0.000874585545228,6.66666666666667E-05,0,0.102274286063408
50,0.999763233222581,0.489929856665141,0.671639717273958,0.999999999999972,0.037316803118814,0.03902787356176,0.000730243533383,0.978537729420476,0.989042527542723,0.574451819906156,6.66666666666667E-05,0.6215284753644,0.288941894282688,0.001233079874848,0,0.004653297256047,0.005598833530067,0.536012085528928,0.000733333333333,7.83015994124265E-05,6.66666666666667E-05,0.118061023659679
51,0.999774865400533,0.487833452904313,0.673007938313902,0.999999999999972,0.037541794319859,0.039427153164434,0.00086116669035,0.980231712606004,0.990520577670345,0.580374640243865,0.000133783121601,0.633822867330777,0.298751451258357,0.001629258419355,0,0.006118698784726,0.007416154461371,0.540011609969291,0.0006,1.01467502051828E-05,7.09482652605814E-05,0.130627452986944
52,0.999714077573974,0.49191835359575,0.673587537447981,0.99999999999997,0.042789661878822,0.040556397220026,0.001257104974869,0.982878632409737,0.992739943071461,0.590073110501764,0.000151303208705,0.641959306448343,0.3089120178567,0.002376649600137,0,0.007358614241719,0.007767246305833,0.545411049487659,0.000580752950588,6.66666666666667E-05,0.000109322303306,0.146076618345967
53,0.999671434133508,0.489994271012167,0.669776316227082,0.999999999999971,0.048724091523288,0.043143212896322,0.001146703201261,0.984011476645107,0.993681684282848,0.605992462704821,0.000163769223394,0.64762407738759,0.318866279089601,0.003633936483736,0,0.009618892194956,0.008739896677374,0.551282970668147,0.000720225644328,0.000145273559367,0.000123687158031,0.16259043612703
54,0.999693013442261,0.486617249184023,0.661524332779146,0.999999999999969,0.053052960519748,0.043816967143993,0.001276202106405,0.98522306995112,0.994390002289493,0.610428283523849,0.000266666666667,0.657288217883019,0.340057192212718,0.004624665155801,0,0.010585328897904,0.011330713714883,0.54819761296691,0.000333333333333,0.000134848736738,0.000138662082816,0.177829516194513
55,0.999689201266797,0.485715651198812,0.666154942859282,0.999999999999974,0.052351510913768,0.042312708561567,0.001266666666667,0.986708859782199,0.995301565282129,0.620997329132728,0.0002,0.665532284006647,0.356173807480001,0.00579032551073,0,0.01373126198199,0.013926763826803,0.556445448550204,0.000666666666667,0.000227382747051,0.000188789614273,0.196141583905135
56,0.999727782404852,0.483825176689303,0.667684191001402,0.999999999999977,0.058589483119253,0.042371909343548,0.0014,0.988212728780201,0.996273703208388,0.638714625986888,0.000133333333333,0.676475202621182,0.377512459746394,0.007462486653251,0,0.01656244646877,0.015163148116427,0.558535328835916,0.000866666666667,0.000165148422706,0.0002,0.209671226910058
57,0.999692940314748,0.484266777920243,0.669412379586163,0.999999999999971,0.062747462798566,0.041961479454519,0.001170877741497,0.989915545100134,0.997137650788161,0.647355472585821,0.000282473717417,0.686006149011262,0.393280004611407,0.008940245148333,0,0.019617727633519,0.016613043790933,0.565864210182233,0.000989621158613,0.000315493636007,4.40957738040531E-05,0.224612348763044
58,0.99996425484158,0.48609404692885,0.668517638751944,0.999999999999969,0.062713559536279,0.041702426199027,0.001153921187712,0.990286365557366,0.997068706858915,0.664620437214154,0.0006,0.690757625178865,0.409974695763312,0.01047863739185,0,0.022325689964102,0.022658559508763,0.568630421554369,0.000933333333333,0.000140893829104,0.00013781551233,0.244209652038698
59,0.999967333048287,0.483245740364296,0.666277733211387,0.999999999999975,0.067840250561288,0.044605343945599,0.000881449793818,0.990509082904182,0.997364650011052,0.668459580139104,0.000577855379292,0.701535002673774,0.423460194890203,0.012711536528024,0,0.025649744861872,0.025294252145384,0.570442463199546,0.000654187193696,0.000133333333333,7.17084929436445E-05,0.266471346371352
60,1.00002895587556,0.483957020010197,0.664490269595219,0.99999999999997,0.077739420309665,0.046660845873242,0.0014,0.991493997707264,0.997689366182296,0.682545991050222,0.000697992637582,0.707681893749523,0.437309729178268,0.012743587949321,0,0.027058293639964,0.028412096992539,0.571660315329976,0.001107408824929,0.000210033009022,0.000263781240911,0.28399564599573
61,0.99997520608731,0.476197895459192,0.663451553095956,0.999999999999972,0.083228513672171,0.044331082591074,0.001405294274117,0.992608284481548,0.998610335080435,0.689962570422528,0.00059801289707,0.718371250361361,0.442956887517236,0.013046507709664,0,0.03240849032466,0.032641162173467,0.573350311398018,0.001160423210679,0.000634236899993,6.66666666666667E-05,0.300838315183853
62,1.00054276224832,0.470968863526969,0.660200953189512,0.999999999999972,0.089082502205504,0.045416134740557,0.001912105004897,0.993246914059962,0.998823334482503,0.697732270175781,0.000563978554673,0.726381165690647,0.455116362834922,0.015990956399414,0,0.036082278612534,0.034616025579298,0.567698372327217,0.001533333333333,0.000384306582512,0.000174291872464,0.316435171014847
63,1.0007528909464,0.467965832425516,0.659390140678298,0.999999999999972,0.10107781638622,0.046995253034855,0.002370238207912,0.993915950706358,0.999291765802047,0.712299750147087,0.00042953249404,0.732204027933529,0.463726650402026,0.017585778938851,0,0.043072019288857,0.038591940193707,0.569480982655144,0.002079618253011,0.000362201600741,0.000510917817657,0.325800364224159
64,1.00060406276236,0.464821676867182,0.649161728789027,0.999999999999977,0.109709699957065,0.049706526160813,0.00240342050261,0.993757673575987,0.999438833703495,0.721587819257165,0.000211731030269,0.741371731929058,0.488916069056191,0.019703420229313,0,0.045233002655382,0.040569555199361,0.564710942638171,0.002341254323731,0.000299821526822,0.000175213544604,0.341685682600473
65,1.0007287460156,0.458837837202046,0.646745459919002,0.999999999999975,0.116302389523101,0.048460842623711,0.002600082548126,0.993836014447442,0.999266666666641,0.729790911226461,0.0004,0.742938743783555,0.505047538296441,0.02272068542135,0,0.052096436174276,0.047977039428278,0.565456911103319,0.002656482461338,0.00038754636297,0.000266666666667,0.357545100878105
66,1.00084971380247,0.454355378146481,0.642384296466284,0.999999999999972,0.120791933940946,0.047458800858433,0.003152406660545,0.99444641847684,0.999266666666639,0.734274054178414,0.000637086776136,0.752739279003241,0.517456765221682,0.02735809500427,0,0.057715997245249,0.050838758684953,0.560724309649217,0.00344662692515,0.000348827294189,0.000281883280372,0.364264524174608
67,1.00091671469951,0.445265129497932,0.641175294139196,0.999999999999973,0.120898129501535,0.047650838708812,0.003932254452694,0.994743883817205,0.999502905017437,0.746865684217586,0.000515018810062,0.760912722865798,0.532662936839629,0.028480601462014,0,0.063186115346199,0.057664410962266,0.562488460665904,0.003958409253488,0.000832834345195,0.000289279166213,0.380375842983993
68,1.00146076816349,0.437235379854851,0.638568180510677,0.999999999999972,0.127391535876355,0.044635024864789,0.004036935559692,0.996054032878227,0.99984738718126,0.754955084929624,0.000408441572749,0.768083560210229,0.540364739153966,0.032105218062473,0,0.068606003805933,0.062443164367175,0.562319918382678,0.004390186088712,0.000449474366251,0.000235027682428,0.403591128159768
69,1.00167552810417,0.438404267611651,0.642995815274527,0.999999999999974,0.134502613995978,0.045301938767574,0.003333036752909,0.995193086609565,0.999799999999974,0.757493166109635,0.000409877140406,0.776859096252741,0.554699062869195,0.035857739923356,0,0.075470621365675,0.068165561218594,0.571338498189824,0.006403591589229,0.000366887803672,0.000290940270692,0.420035642651653
70,1.00175160288935,0.435076151542789,0.642240639494587,0.999999999999972,0.145183782709787,0.045119697253745,0.004306708063829,0.995551576053214,0.999666666666639,0.764290676984552,0.000592592676926,0.784480763007877,0.571534731882063,0.042139077691098,0,0.082377181554474,0.077285841508482,0.573966458227705,0.007696938175737,0.000490925926461,0.000227519073372,0.448393784233013
71,1.00201547112662,0.430514326901151,0.644507829797465,0.999999999999976,0.147881926423849,0.048189488297061,0.003924689049794,0.995042289950243,0.999634832402094,0.772970607778517,0.000758021775795,0.792033577527446,0.579225548534283,0.043908895261642,0,0.086260265890507,0.082624458074095,0.577554932352876,0.008857177331345,0.000587704384372,0.000453899707755,0.472961484988505
72,1.00214954548267,0.430564959443111,0.642701701719279,0.999999999999976,0.158785698802931,0.049718489900927,0.003666666666667,0.996094117667563,0.999923248602346,0.771762654540408,0.001265829635656,0.798557168952246,0.592563190462081,0.046282372858109,0,0.087076399729456,0.087945863085297,0.578183742311025,0.010599267740319,0.000658639430525,0.000279832354982,0.486438787416252
73,1.00252916682123,0.433994529218591,0.643523924616895,0.999999999999976,0.16733358440831,0.054569735117222,0.004493000784184,0.995898467702297,0.999933333333309,0.783462733309735,0.001812101333308,0.80549921315729,0.604215436344801,0.050376199356574,0,0.092390303117912,0.094420481892837,0.581657071559357,0.010996576926973,0.001074721476746,0.000363189693259,0.502422224040423
74,1.00324249818727,0.42780963127107,0.643048666362795,0.999999999999977,0.17105972009119,0.0555939373181,0.005788760072024,0.995828946914772,0.999866666666644,0.776043772002664,0.002416015824528,0.810069523289237,0.616952063499932,0.051286444512003,0,0.09983476068741,0.096549035859903,0.585452745884682,0.012690815131688,0.000723997721372,0.000352082110274,0.509836170200775
75,1.00361561973404,0.428668296532691,0.647584039354601,0.999999999999973,0.175270323198024,0.056256294576007,0.005297284502801,0.99621746125719,0.999933333333306,0.780902987487255,0.002650463882404,0.82153049979451,0.628281196428043,0.056969464582217,0,0.109597929803934,0.104850443834776,0.592356774854611,0.012893490523361,0.001086461416067,0.000370811149441,0.523120661290245
76,1.00433385751987,0.424174385650707,0.645606031705366,0.999999999999973,0.188340509998749,0.055983354777716,0.005999166135732,0.996411782203367,0.999999999999973,0.7844929998396,0.002142138532325,0.825511464085392,0.643898787517434,0.064489301782448,0,0.117131969611596,0.113424545557378,0.593711621973418,0.015198235877078,0.000876019377991,0.000657800231604,0.538168805057714
77,1.00455302239692,0.42473102030727,0.642285189726155,0.999999999999976,0.193020650449753,0.058139434617032,0.006875383693522,0.996507970807848,0.999999999999976,0.788805149385908,0.003398594898035,0.828029896492535,0.65657482542975,0.065850524825088,0,0.125019151510099,0.122450901105424,0.595120352180127,0.017555347134783,0.000843453402893,0.000756664685081,0.549489454050498
78,1.00464020626568,0.417459688170189,0.631496505025624,0.999999999999977,0.197293283088276,0.058673611130599,0.00705424100512,0.996391582146781,0.999999999999977,0.785615745339288,0.004008804178441,0.831956227436124,0.669757574774303,0.068955176545526,0,0.13091129308044,0.131966190237705,0.586658041458434,0.018607078477694,0.000829137991054,0.000306512725619,0.55831514475484
79,1.00516525662012,0.41042895180486,0.625935487931002,0.99999999999998,0.198139546474679,0.056834154668717,0.006389229502999,0.996535152545215,0.99999999999998,0.782368572613178,0.003827581458924,0.83853613151273,0.673984141876401,0.074346025335087,0,0.136123161705804,0.134204329001961,0.585971071692717,0.01832272171246,0.000773406608534,0.000532959111545,0.575041526660382
80,1.00540694609012,0.396083595600288,0.616615139412216,0.999999999999977,0.20555637983296,0.055061827498252,0.007061959996229,0.996571855433171,0.999999999999977,0.784265178787372,0.003792230538416,0.843674918573389,0.685772340053053,0.083473238670871,0,0.143747752903461,0.134824717535076,0.580582257602961,0.021029968366039,0.000751136869843,0.000561757240134,0.584809049180906
81,1.00559734968525,0.398574756720368,0.62120922914496,0.999999999999983,0.217769741330348,0.056473967386236,0.006962274046355,0.996500262179574,0.999999999999983,0.77898931834175,0.004722943151357,0.851013757409963,0.690313761748685,0.087827936894603,0,0.146177253730166,0.144418352958117,0.588351543286489,0.023911736845818,0.00080924334177,0.000204924456062,0.595760856943497
82,1.00620505115507,0.397693553736134,0.619645727239686,0.999999999999977,0.224246169383505,0.059440160094933,0.007500174481872,0.996764641525565,0.999999999999977,0.783431416178435,0.005645244660685,0.853795064003332,0.6978162254004,0.092748428324135,0,0.147295591279779,0.150083146074316,0.583104166770883,0.026316769298575,0.000551451968361,0.001122438670222,0.605326713197479
83,1.00563052145149,0.386094775626532,0.612402796825563,0.99999999999998,0.231918717380494,0.060307705947689,0.007448983231536,0.996746314217675,0.99999999999998,0.786466729853561,0.006447242113583,0.855625357273362,0.712426230409219,0.101685527756761,0,0.159295912832683,0.161887980404505,0.577594400402004,0.028487357060425,0.000779491696186,0.000527251699746,0.61856535846884
84,1.00588418169062,0.389644369536383,0.619107338986172,0.999999999999984,0.24108299248616,0.06278986207319,0.008292146139202,0.996700942710557,0.999999999999984,0.784918583247138,0.007163593558316,0.861518471734715,0.71921231538849,0.112400847535766,0,0.168127399417303,0.173247486614703,0.583730592648171,0.031645631254661,0.001103996478231,0.000807941617013,0.628433295215566
85,1.00618197859242,0.390657375327757,0.623020829841736,0.999999999999981,0.24687686538619,0.064403301925034,0.00839138136647,0.996409315036768,0.999999999999981,0.784448889003641,0.007411404922733,0.86779868652708,0.725053335974331,0.121752579792463,0,0.177300074326935,0.180024842586538,0.592329493918766,0.035778639656429,0.000923188037506,0.000430778321354,0.641790978227132
86,1.00667743237488,0.387630360158381,0.628274528038901,0.999999999999982,0.255120667259909,0.066710282417918,0.009522306284566,0.996083935479559,0.999999999999982,0.781343593671253,0.009057581118758,0.871517215392686,0.732863449230189,0.132647177161175,0,0.185358451403028,0.186134832376745,0.599544525878769,0.039596733783734,0.001524517872545,0.000642707170334,0.650211915016575
87,1.0075651313084,0.380719651589613,0.624204133112859,0.99999999999998,0.269946205592168,0.066849464178722,0.009891285463477,0.996006752027312,0.99999999999998,0.784367819841963,0.009465097120155,0.874167635427488,0.745450141737372,0.143342097417439,0,0.192554046701691,0.19632889791356,0.596259520279084,0.047649342529326,0.000748409361298,0.00118422185702,0.662920822549957
88,1.0071260218339,0.380791210432947,0.627768248777418,0.999999999999983,0.272617657771905,0.065199013770235,0.011259710191809,0.996285864167119,0.999999999999983,0.789388410794675,0.008995762059867,0.879615754375327,0.752203848788995,0.149616993904274,0,0.20235920607675,0.204440376738954,0.60035825875353,0.053009225229956,0.001177524446367,0.000506857501053,0.677562840493715
89,1.0078014679665,0.374280010734347,0.621958078513833,0.99999999999998,0.284635367661559,0.062670077837939,0.011913446473041,0.996498241700472,0.99999999999998,0.790296314134454,0.00967627913243,0.876210085674086,0.755441114026886,0.16217500552739,0,0.21703228464226,0.222305365638099,0.596512420273723,0.060165898406335,0.001425355555359,0.000781435697644,0.693483126655187
90,1.00845041134433,0.377626744020937,0.621857598055453,0.999999999999981,0.288120149422334,0.063227425653404,0.0125659721935,0.996557876703591,0.999999999999981,0.79304769686345,0.010088717358212,0.883547911234427,0.765550289092945,0.167671210032121,0,0.22400876213635,0.232958218838566,0.596267590653249,0.065183983130852,0.001250009671289,0.00089243470239,0.695809455317315
91,1.00881100796879,0.377758709388766,0.621014268024554,0.999999999999982,0.298093838696486,0.064856530074619,0.011914751775967,0.996373174653332,0.999999999999982,0.79378667382277,0.009649603342119,0.886798770215323,0.76958201044903,0.17314544129148,0,0.228384317114588,0.243117297842306,0.594800423003361,0.070302526460148,0.001438658457186,0.000643792846743,0.707733649383238
92,1.00961287714644,0.372864313487977,0.615469256980401,0.999999999999985,0.306499832646116,0.065509062020184,0.011560057988923,0.996584150600241,0.999999999999985,0.79295293044836,0.010394492219799,0.889106536777348,0.777981205189382,0.177579297222561,0,0.234042847746184,0.251708034089063,0.591305615684058,0.073869623980576,0.002119160877828,0.00080985720658,0.718280404674674
93,1.01093476699301,0.373321098119785,0.614888974922309,0.999999999999984,0.314817912522489,0.064308222758925,0.010590185853512,0.996387151108079,0.999999999999984,0.794446289691382,0.01150511933436,0.892284572169531,0.789922561608262,0.183131846254021,0,0.240068792385864,0.262833248834487,0.591108873574335,0.079653597902294,0.001782684829861,0.0015756410007,0.724130423442425
94,1.01114407479819,0.363547007168812,0.61185238144976,0.999999999999978,0.327355421068096,0.065316605455215,0.012216286543191,0.996579811336053,0.999999999999978,0.792342124543637,0.012320507995767,0.89344323624596,0.798999874185997,0.190132258829854,0,0.247314033009746,0.266088505995969,0.590142699754703,0.089158085975867,0.002361188861111,0.000971448339173,0.734825968104401
95,1.01254930269243,0.362436590966631,0.606276599870685,0.999999999999984,0.333350834878162,0.064790209136232,0.014219323455692,0.996771064916217,0.999999999999984,0.790628520062899,0.013189950929236,0.89700322266164,0.809901958404131,0.201881460198095,0,0.254093414591667,0.275990625213566,0.585548362617281,0.094225132557625,0.001382507873299,0.00083931404779,0.742506179904507
96,1.01309931322166,0.358916232439026,0.602997821273852,0.999999999999979,0.337889737468381,0.064399029063724,0.014615498629668,0.996366447819339,0.999999999999979,0.792775760890047,0.013022073850464,0.89944331305201,0.809916134389666,0.208255872454944,0,0.26079966622043,0.281878624262333,0.582871207874137,0.097521996216141,0.001256193353832,0.000884124323073,0.740789828821511
97,1.01347625610117,0.355494658077866,0.605325309532505,0.999999999999981,0.341237819059703,0.063266585439428,0.013437593067205,0.996686940180961,0.999999999999981,0.796548532317576,0.013345932679784,0.903619875314219,0.816137962220116,0.216248469262551,0,0.268781054190127,0.28795450650129,0.582973300495474,0.102790344317073,0.001666005649445,0.00078340995014,0.744432242813735
98,1.01437074588613,0.351114626748039,0.607008991085866,0.999999999999982,0.345746081583256,0.063243730835728,0.015594287539783,0.996166696219515,0.999999999999982,0.799414768235498,0.013626910420947,0.908278530906259,0.821594014747129,0.225138730093791,0,0.275773801767591,0.297271354369559,0.586240608185711,0.105993480587086,0.001368818433688,0.000775367825317,0.750896848063514
99,1.01497272482237,0.343179200801457,0.602109140717565,0.999999999999984,0.351884357195696,0.061533595427213,0.015029408860735,0.996114607229805,0.999999999999984,0.79931865745989,0.01230886171609,0.910996121586954,0.82544263788716,0.231671814422974,0,0.283428666936813,0.303198851060823,0.581331633046822,0.119397751079397,0.001601634084843,0.001328139967188,0.756100671477957
100,1.01525031389218,0.343970870214567,0.604506424979047,0.999999999999986,0.358343266699806,0.065357709366578,0.016104859210571,0.996411545341767,0.999999999999986,0.806167775027766,0.01163508362451,0.916722676625018,0.826350126508207,0.240180744854916,0,0.285876588764992,0.310321639127488,0.584712460057625,0.124846484409425,0.001972819188349,0.00114898782773,0.765104567563111
101,1.01608670893963,0.347089414947454,0.607000254048092,0.999999999999985,0.366272632809873,0.067498798697943,0.016272098441467,0.996569693800664,0.999999999999985,0.799808292436639,0.012554025411639,0.918549736420028,0.833918218439122,0.250655790111114,0,0.292429558711638,0.317041933878,0.587548360504699,0.130718172292315,0.001298116392668,0.000843373116996,0.769413242540238
102,1.016548767538,0.348320762239033,0.603464369613254,0.999999999999985,0.368542533874344,0.070815092231572,0.016284247536182,0.996660474112217,0.999999999999985,0.804205558899422,0.013473281999911,0.918798583986779,0.835291891783633,0.261329865657069,0,0.301750534447714,0.330007992836908,0.585335903511836,0.134380447192739,0.001690011542525,0.001382832691542,0.776571230098188
103,1.01686102982037,0.347687251848855,0.602384038949363,0.99999999999998,0.375882571972357,0.073370297772366,0.017176179634447,0.996608345417487,0.99999999999998,0.802219182902748,0.015928460975503,0.921303104085002,0.840468632167586,0.267604155778978,0,0.320715660251527,0.342854134308736,0.586812471536102,0.139502698847015,0.001884503091935,0.001241165741511,0.784471510715227
104,1.01751521450102,0.347544190181621,0.602852150027297,0.999999999999983,0.39083442376932,0.074892995757642,0.016334953304278,0.99662993465568,0.999999999999983,0.803901053316277,0.015560831700783,0.926771824351271,0.842328090952103,0.277234432942187,0,0.327338932435471,0.350585063976435,0.587918724714067,0.150416651312856,0.001231903184495,0.001100995014612,0.788568100394972
105,1.01764841555556,0.341498291958279,0.600114177945524,0.999999999999985,0.391033277226297,0.072449489685898,0.017934301219634,0.996493502770347,0.999999999999985,0.81165141181117,0.014445818057624,0.929044819037346,0.850939864373557,0.288222629886091,0,0.342048345222589,0.358411663597221,0.585189604574774,0.153999530654817,0.001710438444922,0.000440255345197,0.790974428365146
106,1.01894101537445,0.338928201541918,0.598010533751383,0.999999999999987,0.398411923742431,0.074410334689633,0.018986450234602,0.996421506347618,0.999999999999987,0.812852394141755,0.015252352700882,0.93050257017809,0.856693847811617,0.296735294449263,0,0.352038923072222,0.364998438337383,0.584952915829535,0.159868772921524,0.001795106436536,0.001123359550631,0.798824430774164
107,1.01962548582843,0.331273349333223,0.593415370370914,0.999999999999981,0.406284678081886,0.076713451767309,0.020139556851659,0.996332652243352,0.999999999999981,0.818991971466108,0.015540523114898,0.928571239902654,0.85757594788815,0.30791882662893,0,0.360496637507059,0.377167163800388,0.579449930278426,0.168424509816282,0.001585918410461,0.001205143194849,0.802402743255671
108,1.02001373394262,0.328723660379061,0.587323129305884,0.999999999999985,0.409986942782972,0.075983434642982,0.021412894576229,0.996419395890174,0.999999999999985,0.819097281893055,0.016949180633733,0.933443397402092,0.860891219602291,0.320173176792042,0,0.369273399345427,0.381292879347728,0.574379917210255,0.175840064844238,0.001357854832526,0.000994593150609,0.812212309461139
109,1.02035348833922,0.328100516200852,0.580637650097006,0.999999999999982,0.411044723905598,0.076199178586696,0.020667980227272,0.996161359475282,0.999999999999982,0.819385915326439,0.017526826306835,0.937160159677764,0.866049710632868,0.327334190937093,0,0.374852916558455,0.382636765993663,0.568238364973016,0.181940926295489,0.001051745281587,0.000505874777452,0.818986016857494
110,1.02091046921227,0.317528324605902,0.57345725856972,0.999999999999989,0.415256731839325,0.077357982936895,0.022188609989491,0.996082315790594,0.999999999999989,0.819404775808633,0.018116736164629,0.938755937786798,0.869946559293621,0.335739368819561,0,0.390577864364159,0.391728137518682,0.563503107458902,0.189616290548866,0.001563601882449,0.001084657978284,0.824794999930953
111,1.02139942805819,0.309342168263804,0.5721847113031,0.999999999999985,0.423634080378532,0.076571202432371,0.023663262581399,0.996347748019644,0.999999999999985,0.819121663759591,0.017773889416744,0.938330526277525,0.876718696887249,0.346156032321234,0,0.404716284228878,0.401754186329676,0.562573735226525,0.204274679001987,0.001673432011148,0.000532717115271,0.836714523223966
112,1.0225645536004,0.305911991393526,0.571888435422065,0.999999999999982,0.422957759162455,0.078459044489641,0.024702326202763,0.995839935382173,0.999999999999982,0.816554518292811,0.020435397380383,0.93951563550345,0.879320484191983,0.362555328580728,0,0.417266928980439,0.409469039815944,0.562048741188603,0.20580965245538,0.00191777545764,0.00125102638553,0.836241682591021
113,1.02324634756767,0.302389281354967,0.566084502826338,0.999999999999985,0.434359408757747,0.079904705307086,0.028831619002072,0.996237962898611,0.999999999999985,0.823725118139825,0.019856730239251,0.943931731018077,0.885279448457194,0.371680544043089,0,0.427503277275923,0.42060566430652,0.556631775071237,0.217395060976876,0.002055462301859,0.001746329921707,0.835024430372776
114,1.02356266614656,0.299857794783594,0.566951386629427,0.999999999999988,0.436262087079905,0.08061283525828,0.026255326833402,0.996366784531621,0.999999999999988,0.824519241725135,0.020916878370151,0.947044212602905,0.888994184618182,0.383934281773047,0,0.432545569132919,0.425228064484912,0.556041675186442,0.224995902237381,0.002503813207231,0.00102655126616,0.84100631767103
115,1.02507473631754,0.297806367719538,0.570128672897764,0.999999999999988,0.44138086028867,0.080809819046446,0.028465251314458,0.996675981738728,0.999999999999988,0.830434601746962,0.020882521181868,0.948762222447338,0.892158149826644,0.39234896938362,0,0.438657480378993,0.433299226136455,0.561972863307879,0.233465136068187,0.001868014942217,0.001525611894972,0.846641630413858
116,1.02535738671515,0.297346044159151,0.566534329120136,0.999999999999987,0.443774380694633,0.082525789119099,0.029367552652624,0.996656649996253,0.999999999999987,0.833859195047751,0.021116809206884,0.950200219516292,0.901139854086062,0.40794013779285,0,0.455816927711563,0.455865213986564,0.559449381473135,0.244217350858305,0.001919323544443,0.001214479609892,0.855906234307385
117,1.02608010364991,0.285492692505321,0.562019924726136,0.999999999999992,0.447592298072409,0.085173615215115,0.026915776972744,0.996812645971588,0.999999999999992,0.831354145456564,0.020778131832845,0.952637298574415,0.906556356272625,0.414241389858335,0,0.46465877535794,0.466915190730479,0.558243719053742,0.25291518963069,0.003243847720845,0.001941845070664,0.858590498754298
118,1.02739925790774,0.280746396786278,0.556620006895195,0.999999999999984,0.454376004460523,0.08274239034857,0.028910509737497,0.996557515721038,0.999999999999984,0.832416902895134,0.022113082022493,0.952744961654785,0.908324890247681,0.416283901408552,0,0.472103982838124,0.473514744961015,0.553920994235438,0.259119325120917,0.002064046861324,0.001322214926723,0.859375983624524
119,1.02816141548683,0.275298936723656,0.550203796850372,0.999999999999987,0.451019106594042,0.083905939875662,0.028310174751022,0.996536835863194,0.999999999999987,0.831949126134767,0.022314746217304,0.952990181334857,0.907802648352074,0.421965762310928,0,0.476416545510991,0.475136469476145,0.550841796671476,0.265913993292553,0.002052419607447,0.001457742396091,0.868631542693543
120,1.0287728396502,0.272328936645678,0.543519115718986,0.999999999999984,0.460429989304237,0.089241314201001,0.028109717704864,0.996430223433867,0.999999999999984,0.830581653793987,0.02182915183532,0.955214410901061,0.905340665202024,0.423422490683847,0,0.478586380343856,0.480508211119358,0.546044537455474,0.276406392312542,0.002362016718163,0.001290579844328,0.874019097807906
121,1.02987510480538,0.265522177520987,0.534448554672357,0.999999999999987,0.464736700852077,0.09141256940799,0.028301230265167,0.996823199203886,0.999999999999987,0.82742194179928,0.022983876856748,0.960079013320652,0.909005505634154,0.432841485970932,0,0.485249779020755,0.490174783812668,0.539379093621446,0.287515459367791,0.002458780999695,0.000964197804718,0.877904782008604
122,1.03141433882994,0.259304857293024,0.529315583266898,0.999999999999987,0.466212954512315,0.089156721777935,0.02795407928557,0.99662675823045,0.999999999999987,0.827929471295993,0.022260653936335,0.961902040016554,0.909989463537651,0.436341137742143,0,0.494765673664903,0.498654172004091,0.53559853215086,0.293130403542153,0.002484408622626,0.00115083095586,0.881368257690193
123,1.03278980995737,0.254992154408384,0.526336804731384,0.999999999999988,0.464430059142309,0.090643517774791,0.029833749186429,0.996829132803294,0.999999999999988,0.825861438815809,0.023397226321415,0.961547740765116,0.91232454336971,0.439016516022694,0,0.497962387968421,0.495264485857427,0.533765510366943,0.295563346258723,0.002865028082681,0.001164554087684,0.885715193186461
124,1.03454604217149,0.253413430525561,0.521847038252834,0.999999999999984,0.469702973605488,0.089278601222081,0.029691510610615,0.99662905082212,0.999999999999984,0.828897708679964,0.02283322215997,0.966288716226585,0.920709433793336,0.456092846477835,0,0.51602404690789,0.515880324633738,0.530540530142812,0.303996823425557,0.001950831065482,0.001306123905143,0.886061078318242
125,1.03521302141256,0.251441190622697,0.511072116181132,0.999999999999988,0.473567798489351,0.092866608537265,0.032043132725152,0.996707128819253,0.999999999999988,0.836279095160506,0.021758497587337,0.967777118026654,0.922882130267697,0.459166537692827,0,0.525634816363501,0.525126993462849,0.520017820914826,0.310028674606492,0.002617964476815,0.000814780989768,0.885961282937924
126,1.03707970043833,0.250030268407943,0.508818575265131,0.99999999999999,0.479409727039061,0.08971185175604,0.031178659452555,0.996737829768984,0.99999999999999,0.8348574970603,0.02295307105161,0.970264790193388,0.92400369257872,0.468941394895704,0,0.537930494058376,0.538320911454882,0.515055878938304,0.313578754086011,0.002366608695693,0.001626942324913,0.887713045680881
127,1.03784679341656,0.24937390036274,0.504831384444146,0.999999999999984,0.489483213056436,0.0881955483814,0.032302344883177,0.996829966600618,0.999999999999984,0.836799470212464,0.022488687275526,0.96982052313997,0.926489856661868,0.473390827871402,0,0.547151672710814,0.546737284355232,0.513353962529303,0.326020810043841,0.002746661762852,0.001533893026847,0.891609263003111
128,1.03910546156036,0.248211946502507,0.503365316333886,0.99999999999999,0.494799583609276,0.089263171465687,0.03417826718653,0.996748551686206,0.99999999999999,0.838420768329055,0.022696316618154,0.970425041242692,0.928007480699175,0.486638195260734,0,0.561335118468078,0.555755122227191,0.511990493801676,0.333116235856639,0.002314921347516,0.001457279737453,0.89185251879983
129,1.03999664164142,0.252299246109374,0.500233279044067,0.99999999999999,0.497494918421436,0.089689743876282,0.03481830560296,0.996935113802535,0.99999999999999,0.836029411844067,0.024308996438927,0.973487967792785,0.928868615322586,0.489330477867023,0,0.563995257391653,0.565085770514043,0.509696006526539,0.338328706956554,0.00232610353906,0.001821249829107,0.893479566828653
130,1.04052168780428,0.247121646588965,0.496147060950631,0.999999999999991,0.496536873789341,0.090108657178276,0.034615494187846,0.996743012052917,0.999999999999991,0.834067010484281,0.02638347014548,0.975220406622161,0.932979332685483,0.493801117210754,0,0.566885384183442,0.56896869767726,0.507886892033062,0.340528133202712,0.00246964763375,0.001463649204553,0.896802209567501
131,1.04156845098775,0.248476508555659,0.493917037915407,0.999999999999989,0.499271529438412,0.091163111230774,0.034192477244045,0.996670277457923,0.999999999999989,0.834951576173574,0.027430827500776,0.975711951467681,0.934274841084025,0.496939269855665,0,0.567044496991027,0.568532569603575,0.505391549432411,0.34714213498075,0.001681966577396,0.001277326678616,0.900936694222468
132,1.04198991114032,0.243542179454017,0.487725551909353,0.99999999999999,0.511112067351932,0.089962576087663,0.038647100635274,0.996602636991221,0.99999999999999,0.838310483940976,0.027866666666667,0.974899934340905,0.938197602979986,0.504219762428345,0,0.570607921134892,0.576005432034944,0.499481811435844,0.357918337744228,0.002335002632038,0.001046975593741,0.903290870145764
133,1.04333202231949,0.237741545568455,0.478617903507912,0.999999999999988,0.519952984070804,0.093390211077728,0.039198322580562,0.996828628952629,0.999999999999988,0.84363756347632,0.028168341409539,0.97481605361864,0.940721855760252,0.520190346128929,0,0.589899179042708,0.587867828339097,0.492923662269107,0.368004856896878,0.001989220007097,0.001453351182551,0.907063609675286
134,1.04389111142389,0.235061273915863,0.474159269929574,0.999999999999987,0.535485623263621,0.096599073013314,0.040828531627588,0.996707153434423,0.999999999999987,0.850420117764302,0.028763868964592,0.975219509451441,0.94468085712194,0.538399808004122,0,0.600171830100527,0.602169812114818,0.49147130801672,0.380854983452634,0.002487559852938,0.001980347937645,0.911356917257091
135,1.04442058543386,0.238117395678094,0.472467962109248,0.999999999999991,0.536511148007744,0.099588913100409,0.041531509417528,0.996929251961706,0.999999999999991,0.852008396087705,0.029506139545068,0.976933403743949,0.945860567572816,0.540668110569957,0,0.602982538146782,0.608619840755511,0.491326445714606,0.383386197789879,0.002612735742622,0.001474779687721,0.911735689720221
136,1.04560368722096,0.231698171907188,0.472023271963159,0.999999999999991,0.543692135540548,0.098784604003752,0.040078395273364,0.996553593256783,0.999999999999991,0.848463894427796,0.028514859121239,0.980061676293487,0.949636150106248,0.5470139827093,0,0.613175349587334,0.618531642525821,0.49115124873777,0.388864214520809,0.003628625489626,0.001329878908567,0.915336025109646
137,1.04800726512209,0.229133379658479,0.473304175635696,0.99999999999999,0.550983616511662,0.101478139551368,0.040851113983119,0.996729960555585,0.99999999999999,0.848857245267655,0.026656448929613,0.979694923276436,0.952630711588521,0.562117767809947,0,0.616496491322776,0.622823104210772,0.492472446126788,0.389586058427391,0.002725264656605,0.001935396468274,0.920607518992182
138,1.04883505272194,0.223661898999376,0.470940215668431,0.999999999999991,0.55840870929395,0.09925490462209,0.040466355574288,0.996867021306159,0.999999999999991,0.85218999260516,0.025157537208753,0.977952146078375,0.953216316250558,0.579638489337736,0,0.629794570694551,0.628272216593772,0.489633561727217,0.397430194072356,0.002385673349951,0.001705079964525,0.922599740231968
139,1.04954888292121,0.219042665323114,0.473800558218261,0.999999999999988,0.56059479558938,0.100847184392787,0.039110500220159,0.996692701846767,0.999999999999988,0.858722348086751,0.023393611577264,0.980071457356283,0.956228310616537,0.592783528445088,0,0.636911172405602,0.635085560598186,0.494892193122584,0.402973448840994,0.002241790971024,0.001466344400169,0.921688538389071
140,1.05036275200341,0.216646928064429,0.474569270180262,0.999999999999991,0.561144280506605,0.102129317589953,0.04021590120412,0.996729240521801,0.999999999999991,0.861148729416044,0.025006796302461,0.97875693775962,0.957963424705987,0.5963445889247,0,0.641180667038428,0.644160550679999,0.495704803052083,0.408181930193624,0.003108592238248,0.001453785489083,0.924058315715012
141,1.05210089937448,0.213604575825372,0.468984664694134,0.999999999999992,0.568020818806294,0.101228802182564,0.040999298147811,0.99676151231978,0.999999999999992,0.860142415012765,0.026283544663661,0.979361036021593,0.961488816098778,0.60071528197165,0,0.644937487558017,0.645906987048596,0.490874869944468,0.421260460973218,0.002692162481319,0.001859580240674,0.926125939836977
142,1.05297685989866,0.214210984009736,0.469901178972806,0.99999999999999,0.577972589573198,0.100768064917085,0.043625162197898,0.996644256951765,0.99999999999999,0.866785853269073,0.0272,0.980302024217738,0.9624687406509,0.608268438328271,0,0.661477179723803,0.649358740177868,0.491904027437368,0.431022184086068,0.003213373072941,0.001729681291275,0.931866510089785
143,1.05446895455464,0.210928415108225,0.463761766297395,0.999999999999985,0.575319354320809,0.100268624189596,0.045423808349518,0.996396919180627,0.999999999999985,0.870484323254867,0.026938409179576,0.982216573768349,0.963210616176945,0.616683249470561,0,0.665738296713129,0.655641342647425,0.487726141324494,0.430696209080771,0.002766368109193,0.001514751730738,0.935512172328871
144,1.05578874516872,0.211029928868523,0.463858622987663,0.999999999999992,0.583668585432295,0.099612332748475,0.046591330797965,0.996640612646051,0.999999999999992,0.868509156761897,0.030005181767927,0.981725455675618,0.965774425164159,0.618665602454357,0,0.668654668170844,0.659170233985079,0.486715471564673,0.438580195202071,0.001981981799822,0.001723377941067,0.937035434936184
145,1.05606177621224,0.210481352168092,0.461553341686579,0.999999999999992,0.579904299245304,0.099786358052471,0.04510012048823,0.99675153819414,0.999999999999992,0.868192898787963,0.031340182086335,0.980900821663392,0.966247914023553,0.617805688651313,0,0.672921835814903,0.658546186639868,0.487377123740681,0.438986348158349,0.002435588579509,0.00130477708507,0.93897461027881
146,1.05725598300761,0.209530799414079,0.459328790016051,0.999999999999991,0.591545415752683,0.10019187057809,0.046864282828611,0.996834023720512,0.999999999999991,0.867462336732426,0.031723611147405,0.98271835068644,0.967550611895983,0.623751904170432,0,0.671349101057519,0.667374827096702,0.484973083664116,0.44842833233679,0.002269182900167,0.001088971520283,0.936899000083714
147,1.0585037685502,0.209950138663562,0.457535909706385,0.999999999999992,0.591373110154227,0.100722128755154,0.048168276407349,0.996612310956088,0.999999999999992,0.868034890301148,0.032519158976717,0.982482164872912,0.968057027977936,0.626472627715204,0,0.674194918954662,0.6694676191288,0.48214400300708,0.454415386193197,0.003200522361049,0.001037658180523,0.937124431350744
148,1.06076403645424,0.209656486113431,0.45925809259648,0.99999999999999,0.590014752959568,0.100863995555259,0.051785547108266,0.996619955295111,0.99999999999999,0.868794114405146,0.033632250794314,0.982659102610961,0.969541469740502,0.633891378531583,0,0.679569162240613,0.674664543528676,0.484053482543579,0.459436405387738,0.002896731192098,0.001700874302768,0.934717997018269
149,1.06203255843518,0.210652268575916,0.461568713749748,0.99999999999999,0.590389136555356,0.100131053593643,0.051349871687235,0.996707186213641,0.99999999999999,0.873340764904104,0.033428681252504,0.982507708400759,0.971651300562717,0.639171881161977,0,0.686664887877582,0.680467424633303,0.485113718176133,0.464218074362354,0.003082660244553,0.001711417926086,0.935149490115798
150,1.06348877604125,0.211369676940939,0.462691080838568,0.999999999999992,0.593198573952237,0.094299775016354,0.048047610849054,0.996659336210221,0.999999999999992,0.875267926637349,0.035084144847982,0.982205304601212,0.971555723611643,0.636188837711385,0,0.691536035485936,0.68227552359835,0.486914519712165,0.470658256205964,0.003050063402263,0.001535377780194,0.937846433382619
151,1.06509715157047,0.211849900966148,0.460955754214356,0.999999999999991,0.600486932745654,0.094145082758874,0.049037962151953,0.996749921624739,0.999999999999991,0.879646064557977,0.035484295981755,0.983348852733891,0.972141472959877,0.642438411413135,0,0.693011736196185,0.687805645676691,0.484671155447859,0.477772027254402,0.002765042400569,0.00170083092735,0.94147297928485
152,1.06623064017926,0.213822011041116,0.460150338623783,0.999999999999989,0.604980105531879,0.091172597739056,0.04913824626662,0.996660906240601,0.999999999999989,0.881582625179765,0.034560969775761,0.984085781296854,0.974094635380468,0.648228816170211,0,0.696483068925031,0.687452661916086,0.485365429765178,0.485123347963886,0.00271745456272,0.001680989512985,0.943824866621314
153,1.06733575097275,0.213636453187451,0.459743974955546,0.999999999999988,0.616941817138868,0.089922721062651,0.053771328697592,0.996634448529316,0.999999999999988,0.882665763255018,0.033543202893943,0.985360414277402,0.974942318841796,0.65693760731666,0,0.703630031285512,0.691944267341964,0.483607851349132,0.500895275434999,0.002943322236099,0.001382828299826,0.944471289004215
154,1.0690013219401,0.211422258914793,0.457286769014784,0.999999999999988,0.622775438593547,0.088684032947472,0.049141864531012,0.996520981617491,0.999999999999988,0.878747157226582,0.034941187521799,0.985000714839444,0.974182400480547,0.663046138468691,0,0.707954428327046,0.697840776383189,0.480255565049061,0.506015558694695,0.003592852351509,0.001280964802889,0.944165218753585
155,1.07147273278574,0.214269605172208,0.455354747295479,0.999999999999992,0.628875218217576,0.09042057539055,0.049539539893259,0.996704903355358,0.999999999999992,0.877277235944738,0.034531878089557,0.985492039987975,0.974429368021155,0.672400577580253,0,0.714705609763608,0.701247300549946,0.476989189673099,0.5167797456402,0.003456021238562,0.001701419786717,0.942826212332457
156,1.07335274039829,0.212539196302793,0.456058981320488,0.999999999999991,0.637723369537373,0.088639073404102,0.048793703515479,0.996784535775127,0.999999999999991,0.875686301003522,0.032495467935863,0.986687143097394,0.974846650670547,0.685510745898555,0,0.724941719284871,0.713600478753335,0.477814228180834,0.529373101715968,0.00338857882953,0.001815425715242,0.9415278760514
157,1.07504128860456,0.214635071133707,0.456172596885623,0.999999999999991,0.643927613781912,0.089935436335702,0.048852039023037,0.9966062023755,0.999999999999991,0.880487232753215,0.032108525293905,0.987234405126877,0.974956498280642,0.689783753561192,0,0.732328602548836,0.716476104894235,0.477138393963233,0.532957715631993,0.003166283894415,0.001649048244877,0.945937277506244
158,1.07667237957235,0.211856125889105,0.453057654050411,0.999999999999992,0.647210517879083,0.089481124526356,0.048741820048576,0.996688491577294,0.999999999999992,0.88686718599905,0.032436457631441,0.98728694077911,0.974980514296598,0.693204329015412,0,0.734890678529051,0.725345549407449,0.472564882603899,0.53730934616486,0.00351235035747,0.001999512335905,0.949569976279954
159,1.07823059305206,0.213484159553631,0.452457691813869,0.99999999999999,0.651580741945752,0.091402668068946,0.05225127472686,0.996750983338358,0.99999999999999,0.885847131094017,0.035093992646069,0.986523738597727,0.975493288516369,0.693312237888126,0,0.733263682900494,0.725161107892807,0.472576904882061,0.546443862923099,0.002815205488058,0.001770566166443,0.94966224791128
160,1.07935695512732,0.214102972290415,0.448183498641607,0.999999999999991,0.653726339538211,0.093351109271268,0.05591144694396,0.99655666446964,0.999999999999991,0.888645584138798,0.03486354393997,0.985811204284764,0.977087764530148,0.703043794179103,0,0.739087030078653,0.734359371265899,0.468574540949493,0.550862595574249,0.00248845770358,0.002415756811811,0.950244776479649
161,1.07943542534049,0.212473022276568,0.443925622455961,0.999999999999994,0.659563490583113,0.093547549059672,0.057099299184353,0.996552874474518,0.999999999999994,0.893142266461824,0.034878222897442,0.987081398600444,0.977992938330103,0.715056728928969,0,0.743789467918991,0.740059999364275,0.464789131732986,0.558365618103237,0.002673478246177,0.001977330062648,0.955210327815654
162,1.08018687235107,0.209095925128812,0.436705431340551,0.999999999999993,0.662617089229752,0.092458097270604,0.054807080965842,0.996925519602029,0.999999999999993,0.889462669468024,0.038499269093575,0.989498671588523,0.978462830698372,0.719541233583003,0,0.752806824290686,0.748196913481589,0.4601044779021,0.564642523897643,0.002573155965143,0.001843134118919,0.955909740145023
163,1.0809217757139,0.204474207133374,0.434294340658285,0.999999999999993,0.668148794546296,0.094593730097047,0.059515653344478,0.996675658293519,0.999999999999993,0.889281827283327,0.037825743928991,0.988828864402969,0.978336511850292,0.721089112716924,0,0.756743836634182,0.749020856097992,0.456287381352509,0.571535875251805,0.003665215850349,0.00191809968094,0.956974397969895
164,1.08281027162611,0.206392910473921,0.43330173554431,0.999999999999995,0.666080851887071,0.097676442225095,0.059300049631041,0.996607488381189,0.999999999999995,0.890248088317851,0.038887126811586,0.989121257734235,0.980303384539439,0.722514983498968,0,0.763970869537308,0.754149557900416,0.456989881489969,0.57149889688402,0.003685506227636,0.001666944536042,0.958597165516776
165,1.08499599095967,0.203561717992828,0.429210147748692,0.999999999999994,0.666661424668217,0.099393922260226,0.059933318453657,0.996778733532145,0.999999999999994,0.894616673397973,0.037918434851772,0.989658340638795,0.981411693789575,0.729758124475257,0,0.772606829888543,0.762192375409813,0.451221776933096,0.575119726545519,0.002944372872263,0.002022119667357,0.957328624474566
166,1.08593892582964,0.207223391381008,0.43087914391147,0.999999999999995,0.675733761036426,0.099296851875284,0.058576161166128,0.996787891266524,0.999999999999995,0.89548322503348,0.038152842481834,0.990496395349941,0.981064676979481,0.731152103091836,0,0.774497155850435,0.767823766471105,0.453896338965031,0.589091716932284,0.002978340561665,0.002090056968514,0.957420370801849
167,1.08689772268593,0.207540626208181,0.425162340953271,0.999999999999992,0.674139142920782,0.097719112873421,0.055955949153882,0.996583206004878,0.999999999999992,0.893457464857559,0.041288481146644,0.990848497274015,0.980402250732643,0.732252870665528,0,0.772522535595055,0.766237730262842,0.450408555769994,0.590524190155355,0.003656987206305,0.001865435151866,0.958579872676972
168,1.08884495653396,0.20827066192091,0.421174956965435,0.999999999999994,0.67324438944623,0.101083307107621,0.054031683475542,0.996676724806383,0.999999999999994,0.898235588188089,0.040041355069492,0.990194313527128,0.980277983295698,0.739136923907541,0,0.782006709492935,0.76921283088221,0.44591174874383,0.588494218665429,0.003102598265777,0.001371527469166,0.960705094337992
169,1.09072982424025,0.203273641924045,0.416447097679436,0.999999999999994,0.679257962820493,0.100499526509984,0.056721012553266,0.99677405343633,0.999999999999994,0.89957776129942,0.038929976548045,0.990440446537453,0.979894799650207,0.743705605777767,0,0.786148370448011,0.774719102605429,0.441083549467322,0.595110718497139,0.003260744941256,0.00155786988047,0.960412051968437
170,1.09258073348122,0.206580602385265,0.417127535000786,0.999999999999995,0.685571839419822,0.102004659326266,0.056033932990146,0.996740113336661,0.999999999999995,0.903189578403351,0.039917933391057,0.989403723239786,0.979928354026542,0.746341278463961,0,0.792790124238204,0.779189719942699,0.444021417724745,0.600190803838846,0.002840581523329,0.002076054076382,0.960142781701215
171,1.09336257720666,0.20723463272343,0.419820254465577,0.999999999999995,0.685482569833913,0.103514631482566,0.057356839070295,0.996569969276222,0.999999999999995,0.907076976710782,0.040051948146029,0.990998952474703,0.982180731910461,0.746261279224209,0,0.791875949575085,0.780559311014503,0.447005048388033,0.599937357484886,0.003737977275856,0.001601301694947,0.960208143647056
172,1.09569873832645,0.208240152118933,0.423018097416514,0.999999999999996,0.691276364007095,0.104426056731412,0.058542177543314,0.99658105894152,0.999999999999996,0.907036791246209,0.042226819737205,0.99068348292729,0.983366742310845,0.751750416718616,0,0.794328608055499,0.779530761878141,0.451902771853281,0.609594212976246,0.003543236362731,0.002387048128645,0.965046278543214
173,1.09689252573325,0.208241084708093,0.42325020816646,0.999999999999995,0.697322248598471,0.103102862603131,0.05706448614342,0.996581588679566,0.999999999999995,0.906297997561057,0.040699325336582,0.98979708576089,0.982076229269949,0.752698617031265,0,0.795173970239094,0.783935178852509,0.45029390613845,0.617870596246678,0.003072893018772,0.001534354833739,0.965146705389544
174,1.09858013676896,0.207237851861113,0.423230455968318,0.999999999999995,0.70534533165975,0.102102357461966,0.05859686981774,0.996710671731718,0.999999999999995,0.904896366399592,0.040729318082,0.988931570520309,0.982436401144312,0.755267225805735,0,0.797744515321889,0.788585679025329,0.452743108824794,0.621786168133657,0.003193969568113,0.001905872112375,0.967198423975488
175,1.09999521504805,0.207068041357856,0.431022123167996,0.999999999999995,0.704631201681273,0.104493165851858,0.059055839124017,0.996790330505132,0.999999999999995,0.904650928092077,0.039259100400066,0.987978633170381,0.983155278757483,0.763343757808929,0,0.797648452479662,0.790571650435668,0.459461201627821,0.624496048592784,0.003396624351399,0.001887966629603,0.9678425272783
176,1.10165473132316,0.206152305363192,0.431347079330323,0.999999999999993,0.702034147718819,0.104648046534164,0.059057552873221,0.99672221011016,0.999999999999993,0.905944717940666,0.04134562993739,0.987064618469923,0.983754289847053,0.771636075117268,0,0.800330659139524,0.7947926531173,0.461337535516008,0.621373747226386,0.002997275838895,0.002046193791266,0.969417397115292
177,1.1027024953608,0.203898169120022,0.437097572995297,0.999999999999993,0.707985458776337,0.105153511560092,0.060267448122801,0.996685706267974,0.999999999999993,0.906868826665955,0.040200250997645,0.988818925352263,0.983698131920169,0.774309174983766,0,0.800046959461193,0.794607717826527,0.466588997240649,0.630147023552423,0.00329439029435,0.001360276063152,0.970934519100683
178,1.10483524794985,0.202407849839025,0.437971757889725,0.999999999999994,0.712631850985652,0.107824498517576,0.063139659837531,0.996594336563364,0.999999999999994,0.90866424381748,0.038009042437944,0.988696112476637,0.98524794527979,0.781355445798506,0,0.80432786975081,0.803465685675712,0.466937666177595,0.638231912212854,0.003112296282191,0.0023121892797,0.972180402101909
179,1.10571923436833,0.198087884354464,0.435100407529298,0.999999999999995,0.712754739910361,0.109322667545609,0.063858389825736,0.996819333652544,0.999999999999995,0.907589831889714,0.0402,0.987466166200645,0.98717550486868,0.781180852871755,0,0.806681187562162,0.811119416631802,0.465134482837604,0.642878354580867,0.003068460385447,0.001927702985678,0.971925687346881
180,1.106980591767,0.191785587350767,0.429592795999846,0.999999999999993,0.71843351452012,0.109014229635528,0.06612439793652,0.996883857876758,0.999999999999993,0.912087244970113,0.037066666666667,0.98773226146906,0.986486788577236,0.789915995956206,0,0.808125179608781,0.819958628494559,0.458413364094295,0.646846335481141,0.003377801196802,0.002007763932367,0.975257481418745
181,1.10849719642872,0.192303043007654,0.431192325607233,0.999999999999994,0.723101640956356,0.112558004692217,0.064877944552475,0.996492715953077,0.999999999999994,0.913430573107002,0.033829723394811,0.988516650693146,0.987734281506974,0.803817715049128,0,0.813423810863859,0.826233630618477,0.456622246068055,0.652115096508843,0.004430706050219,0.001291563162852,0.975194961821976
182,1.11191680788317,0.189267083071843,0.42645892960348,0.999999999999995,0.722605545173836,0.114342878159716,0.067544814146626,0.996563036250691,0.999999999999995,0.91598503395568,0.032933333333333,0.988288051876181,0.98943066709211,0.809216719425207,0,0.82246198827526,0.835278887194102,0.451681948218868,0.652977299671342,0.003483230613573,0.002171988184658,0.97722925227566
183,1.11337480037909,0.188917086603964,0.424994663664896,0.999999999999995,0.726024259657372,0.116785316854165,0.064379303708406,0.99669148094582,0.999999999999995,0.914228156262445,0.032956007007497,0.988236375325804,0.992011816622667,0.811773817094776,0,0.825817264789587,0.838878020238248,0.450449684829158,0.655457522356118,0.004221626512436,0.002076480158085,0.978801950853513
184,1.11576315227314,0.181263346023831,0.413699956966624,0.999999999999996,0.723286129205176,0.115891314942978,0.064075023055205,0.996623979268407,0.999999999999996,0.917413539866536,0.033020571649479,0.98866140783498,0.99293333333333,0.816799582713199,0,0.82845791423002,0.843933981420492,0.442008471809161,0.656814886198878,0.003322719573422,0.001606966030362,0.979842152476968
185,1.11767752685486,0.1732525911814,0.406716953483726,0.999999999999997,0.728387658864177,0.110788059573052,0.063827025245174,0.996412475211308,0.999999999999997,0.919902795591233,0.032890131806902,0.988845910638294,0.993222287793523,0.817211116071421,0,0.833510627250982,0.842435843549979,0.434334452253418,0.662585739873206,0.003949094993578,0.001884709057968,0.980432608236104
186,1.11998484462185,0.172006233140407,0.401950078516092,0.999999999999997,0.725383385005736,0.109868268768007,0.061424565367612,0.996837443465324,0.999999999999997,0.920355961138481,0.033136806304583,0.990474115331567,0.993052583111163,0.820896065526961,0,0.837078501759261,0.848590626084566,0.430756220181473,0.662668234699822,0.003729824264001,0.001596882208202,0.982181155352878
187,1.12237370739879,0.16779440322588,0.395588244322751,0.999999999999995,0.727108253084406,0.108570784653629,0.064934476910848,0.996796290805485,0.999999999999995,0.919468864800396,0.031896149089265,0.991020363193562,0.992775504252184,0.818195268578047,0,0.837663328037564,0.843945481136512,0.424738678490611,0.665594891585777,0.002911946324738,0.002276358986531,0.983492550155489
188,1.12306384213401,0.168312136355769,0.393327565762325,0.999999999999994,0.726274613312488,0.106837669765376,0.064096670591702,0.996705341523356,0.999999999999994,0.917741257549068,0.032144974444545,0.992952396670727,0.993900933048052,0.824602026253972,0,0.83968596168501,0.842464655116977,0.423872558410611,0.669204444112375,0.003603521363778,0.002186887687924,0.984152819281942
189,1.1246548121929,0.169995385603649,0.396138798847972,0.999999999999995,0.729946673824753,0.106624830187405,0.063157369106579,0.996606009899808,0.999999999999995,0.914908711786086,0.033066666666667,0.992925836228707,0.994594084941228,0.825749131081851,0,0.841488903942833,0.843860416546783,0.427382795585237,0.672985440086052,0.003077166654314,0.002294509370596,0.98380697875378
190,1.12553503147333,0.165756125130132,0.396128714165854,0.999999999999993,0.729161188770294,0.110042815014602,0.064619878447395,0.996714050298944,0.999999999999993,0.913533548088745,0.03453058146086,0.993957320426343,0.99406666666666,0.82419589366367,0,0.843171897671372,0.847066814948948,0.429524397508324,0.672845507534222,0.003974045956328,0.002183528556771,0.98515630379814
191,1.12755032153099,0.159285935818865,0.382430365862296,0.999999999999996,0.732756955944749,0.108238333008383,0.06100852466607,0.996725465355666,0.999999999999996,0.915048140977864,0.032760711701695,0.995338060610714,0.993764286788967,0.825719543764404,0,0.848524136164206,0.851733445646964,0.416315937783995,0.677286801776063,0.004003657347622,0.003091454383396,0.985397931160171
192,1.1285788762766,0.152668033296411,0.377298250400417,0.999999999999997,0.738978764768188,0.106052730993357,0.062323660678018,0.996934092444536,0.999999999999997,0.918225223453404,0.032044521658826,0.995892056444351,0.993828188815132,0.825166500764542,0,0.854953628716391,0.854739771743208,0.410124062506672,0.681212422632101,0.004059225383606,0.002189896683313,0.986226038902749
193,1.13068856116056,0.152526433298308,0.375985374663126,0.999999999999994,0.746473824728971,0.104201806325751,0.064615965110517,0.996677824954756,0.999999999999994,0.921073820362206,0.031847407003213,0.996106564562566,0.994215478702545,0.82541726183522,0,0.85560952514852,0.857527516677391,0.40797722191688,0.691766865195027,0.004329781541413,0.002406976372489,0.986465226208131
194,1.1328626549704,0.151025390147993,0.377963229877398,0.999999999999996,0.756444042610908,0.102915443995039,0.064093752760826,0.996774462258046,0.999999999999996,0.919277408266855,0.033353732702584,0.99563861539112,0.99454732486087,0.827013492346732,0,0.856860733006213,0.861989586446854,0.408776772210621,0.701814980041614,0.00340837816049,0.002512883859964,0.985830199729082
195,1.1338771270212,0.149199164416255,0.378902842493194,0.999999999999996,0.755851704838514,0.104443708012234,0.063711713416004,0.99668768498068,0.999999999999996,0.920336580491684,0.033558100168366,0.995816105824268,0.995040218413103,0.834851629202303,0,0.860770150093878,0.865516467778587,0.411697707179072,0.702453983386026,0.00401849410813,0.00206657714231,0.988040366995786
196,1.13609036102258,0.146358941765163,0.373157334531538,0.999999999999998,0.758714771186818,0.104228207056501,0.06276866446629,0.996975803184846,0.999999999999998,0.920916828775882,0.035124099253027,0.99585992653431,0.994799999999998,0.834560381559109,0,0.859341326703307,0.864494758626479,0.406452041837087,0.706566316461147,0.00422003621696,0.001506922452191,0.989183794376526
197,1.13917270341909,0.146194209550392,0.375681553691721,0.999999999999994,0.764013167152911,0.105358396814823,0.068373626736107,0.996720217524551,0.999999999999994,0.923011763386416,0.035397001889057,0.995709959399431,0.995201215259996,0.835007772117611,0,0.861500870311926,0.865727095812646,0.407547583419919,0.712667826902703,0.003986648392897,0.00161602736086,0.990349895074523
198,1.14187325018893,0.148855603689587,0.378763467539379,0.999999999999998,0.762918026497211,0.107358730666769,0.06790289264424,0.996665679754371,0.999999999999998,0.923852902611918,0.035044450266937,0.995362654780746,0.996317797783303,0.83633492407605,0,0.863283428774123,0.868827516646919,0.412089600116875,0.710504546177419,0.003963718966814,0.002335437624751,0.990619921996688
199,1.14365641621387,0.147763561708939,0.371339685605503,0.999999999999996,0.76262725478904,0.105705239080474,0.069415587669694,0.996751769342718,0.999999999999996,0.927280311711494,0.034346098997943,0.995807341932285,0.99673333333333,0.834105719201787,0,0.860572809478749,0.866748655627726,0.406020902956542,0.706998321681674,0.003252775120527,0.002188972277218,0.989882452942479
200,1.14485718463642,0.142436424757149,0.365287094485864,0.999999999999996,0.763841491656022,0.104079669821234,0.068516106810517,0.996465391373826,0.999999999999996,0.930300180660641,0.032133333333333,0.996739318922595,0.997315488411227,0.838649510137173,0,0.865258948446934,0.866455550232397,0.399546326433114,0.70638847316417,0.003157463715762,0.00258769846726,0.989787184500947
